{
    "epoch": 5.0,
    "eval_accuracy": 0.9968802166653316,
    "eval_f1": 0.9696293850495585,
    "eval_loss": 0.018241053447127342,
    "eval_precision": 0.9652217054263565,
    "eval_recall": 0.9740775046312522,
    "eval_runtime": 116.565,
    "eval_samples": 29965,
    "eval_samples_per_second": 257.067,
    "eval_steps_per_second": 2.016,
    "predict_accuracy": 0.9965924287683561,
    "predict_f1": 0.9670241644786614,
    "predict_loss": 0.019529886543750763,
    "predict_precision": 0.9625692137320044,
    "predict_recall": 0.9715205436580677,
    "predict_runtime": 104.992,
    "predict_samples_per_second": 250.153,
    "predict_steps_per_second": 1.962,
    "total_flos": 2.193905240205817e+17,
    "train_loss": 0.007312082667504587,
    "train_runtime": 10680.5142,
    "train_samples": 230039,
    "train_samples_per_second": 107.691,
    "train_steps_per_second": 0.842
}