{
    "predict_accuracy": 0.9965924287683561,
    "predict_f1": 0.9670241644786614,
    "predict_loss": 0.019529886543750763,
    "predict_precision": 0.9625692137320044,
    "predict_recall": 0.9715205436580677,
    "predict_runtime": 104.992,
    "predict_samples_per_second": 250.153,
    "predict_steps_per_second": 1.962
}